name,historical_mean,forecast_mean,growth_percent
general_sales,2752.410215482841,5917.975836050713,115.01
product_a,946.413407821229,2025.3530407291876,114.0
product_b,904.6249002394254,1926.4796758812834,112.96
product_c,901.3719074221867,1967.2125411434538,118.25
